"","ano","limite.inferior","limite.superior","genero"
"1",1902,3.31619127088662,3.4375,"Action"
"2",1923,3.3216655549399,3.42526041666666,"Action"
"3",1924,3.33680073971336,3.42361111111111,"Action"
"4",1927,3.38334778837814,3.37387179055948,"Action"
"5",1930,3.35623397254935,3.41360544217687,"Action"
"6",1931,3.34628551865799,3.4384259054949,"Action"
"7",1933,3.32851616518048,3.42006172839506,"Action"
"8",1935,3.31023102310231,3.46357142857142,"Action"
"9",1937,3.32889870356204,3.40641711229947,"Action"
"10",1938,3.3469387755102,3.40452295848227,"Action"
"11",1939,3.34202647333518,3.4134566511763,"Action"
"12",1940,3.30585883923989,3.41121495327103,"Action"
"13",1942,3.34216027874565,3.42991938438989,"Action"
"14",1943,3.37074829931973,3.43768707302357,"Action"
"15",1944,3.33647745512758,3.39455782312925,"Action"
"16",1948,3.33585083785697,3.4193610077382,"Action"
"17",1949,3.3462475108129,3.43400127226463,"Action"
"18",1950,3.32712089690245,3.4012453945457,"Action"
"19",1951,3.31143740340031,3.47654875762332,"Action"
"20",1953,3.38205778936578,3.43039280066803,"Action"
"21",1954,3.34721485411141,3.39358210411653,"Action"
"22",1955,3.32629310344828,3.41513292433538,"Action"
"23",1956,3.33434202358783,3.45440251572327,"Action"
"24",1957,3.33889345035952,3.4235964082155,"Action"
"25",1958,3.34009355416119,3.41244239631336,"Action"
"26",1959,3.32545174172631,3.41621259626799,"Action"
"27",1960,3.32549056856696,3.4130059711272,"Action"
"28",1961,3.29692556634304,3.40384615384615,"Action"
"29",1962,3.352943130481,3.43327239488117,"Action"
"30",1963,3.32528779936919,3.42118644067797,"Action"
"31",1964,3.3638746886879,3.40395151250295,"Action"
"32",1965,3.36567164179104,3.42458390714145,"Action"
"33",1966,3.3378682487725,3.42885374971501,"Action"
"34",1967,3.34849342628551,3.40940346611085,"Action"
"35",1968,3.33967391304348,3.41811339106426,"Action"
"36",1969,3.33008680923142,3.40424500101761,"Action"
"37",1970,3.31021897810219,3.39759036144578,"Action"
"38",1971,3.34984025559105,3.42052523811117,"Action"
"39",1972,3.36527886881383,3.43490545606246,"Action"
"40",1973,3.36347517730496,3.43078055964654,"Action"
"41",1974,3.33434202358783,3.40583109919571,"Action"
"42",1975,3.34026845637584,3.42426968670618,"Action"
"43",1976,3.32484752622508,3.43024036731497,"Action"
"44",1977,3.33076923076923,3.44318181818182,"Action"
"45",1978,3.33484933177499,3.40229868564541,"Action"
"46",1979,3.33292365529207,3.4347155653133,"Action"
"47",1980,3.34771181199752,3.42440060244765,"Action"
"48",1981,3.34185606060606,3.44598703606685,"Action"
"49",1982,3.33694192389497,3.41699242167694,"Action"
"50",1983,3.37016619355852,3.37562288919831,"Action"
"51",1984,3.33441455143252,3.41866028708134,"Action"
"52",1985,3.338895173454,3.43491245962897,"Action"
"53",1986,3.34658764686733,3.40235925116236,"Action"
"54",1987,3.31253115653041,3.40406593406593,"Action"
"55",1988,3.35107965019131,3.38175027898173,"Action"
"56",1989,3.36219770422378,3.37830924370713,"Action"
"57",1990,3.35855560578662,3.4077525053485,"Action"
"58",1991,3.31997175736104,3.42695773795388,"Action"
"59",1992,3.33914773785142,3.45689655172414,"Action"
"60",1993,3.30953885028427,3.43296056094777,"Action"
"61",1994,3.30477963997517,3.39089269612263,"Action"
"62",1995,3.34915677511313,3.4503810813209,"Action"
"63",1996,3.34483655199517,3.42047244094488,"Action"
"64",1997,3.33170379919811,3.43877551020408,"Action"
"65",1998,3.35924290748233,3.44602812618776,"Action"
"66",1999,3.34628551865799,3.40384615384615,"Action"
"67",2000,3.35279187817259,3.40200657325722,"Action"
"68",2001,3.33484933177499,3.39983735590565,"Action"
"69",2002,3.35199686765857,3.41421932826715,"Action"
"70",2003,3.3291182068871,3.41881398750768,"Action"
"71",2004,3.35298196948682,3.41394086589051,"Action"
"72",2005,3.34904902186674,3.41934149263545,"Action"
"73",2006,3.34202196382429,3.4105245114844,"Action"
"74",2007,3.33045011892032,3.42473958333333,"Action"
"75",2008,3.31132902823459,3.38353958266527,"Action"
"76",2009,3.35340630732405,3.40977462707771,"Action"
"77",2010,3.35998589955109,3.42928262244535,"Action"
"78",2011,3.34222585924714,3.39555545746858,"Action"
"79",2012,3.34285714285714,3.42162162162162,"Action"
"80",2013,3.33076923076923,3.40710200157692,"Action"
"81",2014,3.29495958688819,3.43679776490244,"Action"
"82",2015,3.3547625223661,3.41694352159468,"Action"
"83",1902,3.37627135286148,3.47757749350333,"Adventure"
"84",1924,3.33843775103352,3.41721371261853,"Adventure"
"85",1925,3.3469387755102,3.43177570093458,"Adventure"
"86",1932,3.32040462427745,3.44439232642944,"Adventure"
"87",1933,3.34189139529625,3.41021768565774,"Adventure"
"88",1935,3.34317010309278,3.4375,"Adventure"
"89",1937,3.33585083785697,3.43402902811194,"Adventure"
"90",1938,3.34529362287812,3.46739581776206,"Adventure"
"91",1939,3.41295546558704,3.43636363636364,"Adventure"
"92",1940,3.35456986240071,3.40697674418605,"Adventure"
"93",1941,3.31211342534578,3.3756225366457,"Adventure"
"94",1942,3.33763995566802,3.39700374531835,"Adventure"
"95",1943,3.36527886881383,3.3846151081148,"Adventure"
"96",1944,3.33506621921256,3.45858895705521,"Adventure"
"97",1946,3.32042253521127,3.42276422764228,"Adventure"
"98",1948,3.39689073830605,3.40097402597403,"Adventure"
"99",1949,3.34126150864158,3.43506374857885,"Adventure"
"100",1951,3.32153947368421,3.40933156849768,"Adventure"
"101",1952,3.35388394946186,3.45362786921182,"Adventure"
"102",1953,3.34443339960239,3.41312741312741,"Adventure"
"103",1954,3.34285714285714,3.40893391664748,"Adventure"
"104",1955,3.3378682487725,3.44023399657202,"Adventure"
"105",1956,3.38007380073801,3.45217486279115,"Adventure"
"106",1957,3.37329316105606,3.40846078134464,"Adventure"
"107",1958,3.3382099827883,3.42753998853749,"Adventure"
"108",1959,3.3535660091047,3.42017999175525,"Adventure"
"109",1960,3.35169557678957,3.42326576434017,"Adventure"
"110",1961,3.34105960264901,3.418132363248,"Adventure"
"111",1962,3.33473362759786,3.38790778383394,"Adventure"
"112",1963,3.37921698582086,3.41757558603741,"Adventure"
"113",1964,3.32692307692308,3.43719660194175,"Adventure"
"114",1965,3.34762963010616,3.40118731462889,"Adventure"
"115",1966,3.32076931480804,3.41195264048111,"Adventure"
"116",1967,3.33869503832191,3.42006172839506,"Adventure"
"117",1968,3.37697730398899,3.43262269483628,"Adventure"
"118",1969,3.33793711698351,3.44514489442692,"Adventure"
"119",1970,3.33791720721783,3.42433608058608,"Adventure"
"120",1971,3.33860113787557,3.45083250233217,"Adventure"
"121",1972,3.33231995606801,3.42633167631835,"Adventure"
"122",1973,3.31264174387774,3.40373134328358,"Adventure"
"123",1974,3.30478087649402,3.4475333183469,"Adventure"
"124",1975,3.34277368203735,3.46030245746692,"Adventure"
"125",1976,3.32046767786204,3.40547445255474,"Adventure"
"126",1977,3.32458228334902,3.40938001355367,"Adventure"
"127",1978,3.30514194957316,3.38497202713963,"Adventure"
"128",1979,3.32237749810981,3.43175675675676,"Adventure"
"129",1980,3.32418684256919,3.41892655367232,"Adventure"
"130",1981,3.33699016712993,3.43398368320503,"Adventure"
"131",1982,3.325,3.451,"Adventure"
"132",1983,3.36645825995068,3.39746158984636,"Adventure"
"133",1984,3.32035496028502,3.41356184798808,"Adventure"
"134",1985,3.34919241040424,3.42031557639064,"Adventure"
"135",1986,3.33905843843266,3.40782624304434,"Adventure"
"136",1987,3.33796464051695,3.3873250167658,"Adventure"
"137",1988,3.3475900116144,3.4241747206537,"Adventure"
"138",1989,3.32097638538732,3.40538869510217,"Adventure"
"139",1990,3.33910826214349,3.37511755485894,"Adventure"
"140",1991,3.31523487399838,3.40136054421769,"Adventure"
"141",1992,3.32417582417582,3.42578125,"Adventure"
"142",1993,3.33180599284616,3.44295319416052,"Adventure"
"143",1994,3.31385281385281,3.39382031014617,"Adventure"
"144",1995,3.31143740340031,3.41609294320138,"Adventure"
"145",1996,3.3127779685756,3.45905315004761,"Adventure"
"146",1997,3.31288382953882,3.41846300587563,"Adventure"
"147",1998,3.33173298477792,3.43800465086235,"Adventure"
"148",1999,3.38799414348463,3.38012191174884,"Adventure"
"149",2000,3.36534634437486,3.44248638347646,"Adventure"
"150",2001,3.31487341772152,3.42348311138548,"Adventure"
"151",2002,3.34026845637584,3.40957716862073,"Adventure"
"152",2003,3.36527886881383,3.41764937106919,"Adventure"
"153",2004,3.36685866194063,3.40417097552568,"Adventure"
"154",2005,3.33823529411765,3.39611086203267,"Adventure"
"155",2006,3.34081965639697,3.39013250202927,"Adventure"
"156",2007,3.35716130530232,3.44269968161683,"Adventure"
"157",2008,3.36017898241,3.39746158984636,"Adventure"
"158",2009,3.33537510235986,3.42768862187166,"Adventure"
"159",2010,3.37331622835151,3.4268177621117,"Adventure"
"160",2011,3.32417582417582,3.41312741312741,"Adventure"
"161",2012,3.34773682379079,3.38710035937724,"Adventure"
"162",2013,3.37924986075293,3.41951056223153,"Adventure"
"163",2014,3.29813455451546,3.43268377693283,"Adventure"
"164",2015,3.36842105263158,3.40570068984956,"Adventure"
"165",1928,3.34785459996253,3.44770057972068,"Animation"
"166",1937,3.32661538461539,3.43471126654031,"Animation"
"167",1939,3.37466009517335,3.40336134453782,"Animation"
"168",1940,3.34720771306695,3.3944529262354,"Animation"
"169",1941,3.3509234828496,3.37086092715232,"Animation"
"170",1942,3.33698781596513,3.40175606062338,"Animation"
"171",1943,3.31896551724138,3.42614348743105,"Animation"
"172",1945,3.33039654361364,3.46343612929848,"Animation"
"173",1946,3.34060748924552,3.43415637860082,"Animation"
"174",1947,3.35663204680704,3.41724780246401,"Animation"
"175",1948,3.31750695948036,3.4066265060241,"Animation"
"176",1949,3.34386410986466,3.44269102990033,"Animation"
"177",1950,3.34359893773181,3.44301218161683,"Animation"
"178",1951,3.31666666666667,3.4540141120093,"Animation"
"179",1953,3.32965878923109,3.40322580645161,"Animation"
"180",1954,3.35839067171529,3.41867469879518,"Animation"
"181",1955,3.35235350783949,3.41985685630926,"Animation"
"182",1959,3.30929097640328,3.44694407131518,"Animation"
"183",1961,3.33057851239669,3.3991221868907,"Animation"
"184",1963,3.34771181199752,3.42996833067297,"Animation"
"185",1964,3.34699708047855,3.44101123595506,"Animation"
"186",1965,3.32459523171967,3.41680509413067,"Animation"
"187",1966,3.35120837123193,3.47380156075808,"Animation"
"188",1967,3.36512027491409,3.42056942438622,"Animation"
"189",1968,3.35168195718654,3.45427452475677,"Animation"
"190",1970,3.33277071551298,3.41929133858268,"Animation"
"191",1972,3.31835016835017,3.44340801169863,"Animation"
"192",1973,3.3366812137338,3.39992198079854,"Animation"
"193",1974,3.33685954331473,3.4266744860865,"Animation"
"194",1977,3.33991865194654,3.45270823925642,"Animation"
"195",1978,3.33800598519452,3.4131256442561,"Animation"
"196",1979,3.35731346678799,3.41418833140145,"Animation"
"197",1981,3.31774109687524,3.39495798319328,"Animation"
"198",1982,3.31239804241436,3.42222548731512,"Animation"
"199",1984,3.37361228932387,3.41481481481481,"Animation"
"200",1985,3.33831061281692,3.39911684782609,"Animation"
"201",1986,3.35198405618082,3.39008920520417,"Animation"
"202",1987,3.28993055555556,3.46370967741935,"Animation"
"203",1988,3.33572524807124,3.43128803245436,"Animation"
"204",1989,3.32659600690165,3.40826771653543,"Animation"
"205",1990,3.3848837712497,3.43138498188143,"Animation"
"206",1991,3.34839818925743,3.43381177772314,"Animation"
"207",1992,3.32316348300372,3.41071515239759,"Animation"
"208",1993,3.33981900452489,3.40558950853069,"Animation"
"209",1994,3.29672131147541,3.40308370044053,"Animation"
"210",1995,3.33828382838284,3.4229303721316,"Animation"
"211",1996,3.32355660377358,3.41110399030925,"Animation"
"212",1997,3.31238277344303,3.40163480188418,"Animation"
"213",1998,3.33531669865643,3.43071005563576,"Animation"
"214",1999,3.37736324636349,3.40450054884742,"Animation"
"215",2000,3.29869857327216,3.41724509704126,"Animation"
"216",2001,3.34851485148515,3.40913411004069,"Animation"
"217",2002,3.30494949336512,3.41757042185189,"Animation"
"218",2003,3.33096085409253,3.42168674698795,"Animation"
"219",2004,3.30805687203791,3.42775128076577,"Animation"
"220",2005,3.29676240959346,3.40110591237771,"Animation"
"221",2006,3.35748407643312,3.4375,"Animation"
"222",2007,3.31863038277512,3.4437366100857,"Animation"
"223",2008,3.36007462686567,3.41947753498908,"Animation"
"224",2009,3.36229314420804,3.42280002567732,"Animation"
"225",2010,3.29879804262248,3.42298320400815,"Animation"
"226",2011,3.3742148217776,3.40585774058577,"Animation"
"227",2012,3.3299924005087,3.42084167500834,"Animation"
"228",2013,3.34920634920635,3.41079989906636,"Animation"
"229",2014,3.33793642864654,3.42361111111111,"Animation"
"230",2015,3.33056849567241,3.43688809516216,"Animation"
"231",1928,3.32076931480804,3.40149767305093,"Children"
"232",1933,3.33751943641094,3.41949152542373,"Children"
"233",1934,3.33052383166198,3.38929889298893,"Children"
"234",1937,3.31640060813379,3.43187307601232,"Children"
"235",1938,3.33967391304348,3.43535568043856,"Children"
"236",1939,3.33585083785697,3.40343549562357,"Children"
"237",1940,3.32521087160262,3.40677966101695,"Children"
"238",1941,3.33968562166543,3.43510741301069,"Children"
"239",1942,3.34615384615385,3.41665273740527,"Children"
"240",1943,3.32358668942667,3.37822014051522,"Children"
"241",1944,3.32163322909408,3.44569151393809,"Children"
"242",1945,3.34621968240592,3.44295374665748,"Children"
"243",1946,3.33211794234704,3.38398775374997,"Children"
"244",1947,3.31949763584771,3.41748030147311,"Children"
"245",1948,3.32545174172631,3.42042297325316,"Children"
"246",1949,3.34105960264901,3.43239091595558,"Children"
"247",1950,3.34848484848485,3.43966326591602,"Children"
"248",1951,3.30989943216954,3.40296495956873,"Children"
"249",1952,3.3693258646781,3.40697674418605,"Children"
"250",1953,3.34654300168634,3.44718390963029,"Children"
"251",1955,3.32957456361397,3.41335987136246,"Children"
"252",1956,3.35291375640993,3.40601503759398,"Children"
"253",1957,3.37057010785824,3.43880382079368,"Children"
"254",1959,3.32135616926814,3.43729182087343,"Children"
"255",1960,3.33476658476658,3.40677966101695,"Children"
"256",1961,3.37727539157902,3.43652314896497,"Children"
"257",1962,3.30970432991738,3.44861133812793,"Children"
"258",1963,3.32813616265986,3.4040776919582,"Children"
"259",1964,3.33443485289075,3.44316443956929,"Children"
"260",1965,3.31059219190136,3.44490395002583,"Children"
"261",1966,3.33966873507315,3.40893665158371,"Children"
"262",1967,3.32898845835847,3.46481620405102,"Children"
"263",1968,3.34172839231562,3.43010607452231,"Children"
"264",1969,3.34195365781336,3.45175444759844,"Children"
"265",1970,3.33129596234737,3.45230561066901,"Children"
"266",1971,3.36229314420804,3.44292848870874,"Children"
"267",1972,3.32416203957489,3.39913375077093,"Children"
"268",1973,3.31101800677483,3.40412342092603,"Children"
"269",1974,3.3509234828496,3.44314381270903,"Children"
"270",1975,3.30574891625334,3.39334273182958,"Children"
"271",1976,3.36371340841413,3.45749886298364,"Children"
"272",1977,3.34146341463415,3.45200727796187,"Children"
"273",1978,3.34466769706337,3.39992902087171,"Children"
"274",1979,3.33140407288317,3.41646141215107,"Children"
"275",1980,3.30242637400693,3.44278906577294,"Children"
"276",1981,3.32025688073394,3.42047244094488,"Children"
"277",1982,3.3170743543701,3.4323793783925,"Children"
"278",1983,3.33125784838874,3.38656217074743,"Children"
"279",1984,3.33057851239669,3.45800653594771,"Children"
"280",1985,3.33770097236931,3.41053921568627,"Children"
"281",1986,3.30543827056241,3.40149282785422,"Children"
"282",1987,3.33298002219756,3.42455293139304,"Children"
"283",1988,3.33506621921256,3.41578142299012,"Children"
"284",1989,3.33888111079713,3.46444335458558,"Children"
"285",1990,3.33868521155391,3.41758222474573,"Children"
"286",1991,3.37103295706949,3.42439891138279,"Children"
"287",1992,3.37822014051522,3.4582338902148,"Children"
"288",1993,3.3368099823681,3.4049987055185,"Children"
"289",1994,3.32331880884844,3.42516569708547,"Children"
"290",1995,3.33748703740827,3.42118644067797,"Children"
"291",1996,3.35478563914818,3.40438786565547,"Children"
"292",1997,3.34100210164419,3.41312562906948,"Children"
"293",1998,3.32862371299872,3.43557079862812,"Children"
"294",1999,3.34615384615385,3.42127876570844,"Children"
"295",2000,3.31023102310231,3.40360373720896,"Children"
"296",2001,3.33552631578947,3.41809207940252,"Children"
"297",2002,3.32906231799651,3.43869315637175,"Children"
"298",2003,3.38927213470939,3.43611522868587,"Children"
"299",2004,3.30735341384673,3.38247896141215,"Children"
"300",2005,3.31277367696735,3.41953187389327,"Children"
"301",2006,3.31863038277512,3.42665129036279,"Children"
"302",2007,3.3515095685249,3.4188430767817,"Children"
"303",2008,3.36955281178667,3.39089378091525,"Children"
"304",2009,3.31912673381093,3.44267515923567,"Children"
"305",2010,3.35527521196251,3.39603667553978,"Children"
"306",2011,3.36047107744012,3.41619826264691,"Children"
"307",2012,3.27492335324623,3.41407371948301,"Children"
"308",2013,3.33411654135338,3.43128803245436,"Children"
"309",2014,3.35875312150177,3.43925561797753,"Children"
"310",2015,3.35383064516129,3.41508313619012,"Children"
"311",1920,3.33134125514964,3.40161617275578,"Crime"
"312",1927,3.34573097036016,3.44100387043936,"Crime"
"313",1931,3.31385281385281,3.38269454123113,"Crime"
"314",1932,3.35032537960954,3.39337503554165,"Crime"
"315",1933,3.34046692607004,3.42971887550201,"Crime"
"316",1934,3.31907894736842,3.42501496365035,"Crime"
"317",1936,3.32274159663866,3.42908309455587,"Crime"
"318",1937,3.3061549345596,3.43021778584392,"Crime"
"319",1938,3.33711122205832,3.41382834589844,"Crime"
"320",1939,3.39089269612263,3.39497904548575,"Crime"
"321",1941,3.34351761252446,3.44852309397953,"Crime"
"322",1942,3.34364527122976,3.4306373553546,"Crime"
"323",1943,3.36696551815724,3.43115151515152,"Crime"
"324",1944,3.34724975222993,3.42168268411961,"Crime"
"325",1945,3.34486243971151,3.42982456140351,"Crime"
"326",1946,3.33955223880597,3.41719581336448,"Crime"
"327",1947,3.34851485148515,3.44940140769821,"Crime"
"328",1948,3.37334409670475,3.42000159845066,"Crime"
"329",1949,3.32319902319902,3.38495951521127,"Crime"
"330",1950,3.32111890999174,3.44371137275645,"Crime"
"331",1951,3.34018556001061,3.40263927031152,"Crime"
"332",1952,3.304582882962,3.40243502231557,"Crime"
"333",1953,3.33292365529207,3.39206668582926,"Crime"
"334",1954,3.31258585969085,3.45143852527619,"Crime"
"335",1955,3.34628551865799,3.44318181818182,"Crime"
"336",1956,3.34317010309278,3.4128001455251,"Crime"
"337",1958,3.34985777443265,3.42306526877159,"Crime"
"338",1959,3.33611111111111,3.41646141215107,"Crime"
"339",1960,3.37959866220736,3.43229101252262,"Crime"
"340",1962,3.32058065020514,3.41867469879518,"Crime"
"341",1963,3.32142857142857,3.44542785619733,"Crime"
"342",1964,3.30652380882744,3.43529411764706,"Crime"
"343",1965,3.33869972868427,3.42475557006799,"Crime"
"344",1966,3.32575295832383,3.40296495956873,"Crime"
"345",1967,3.36350974930362,3.42086956521739,"Crime"
"346",1968,3.31368631368631,3.45500279268936,"Crime"
"347",1969,3.33733395478909,3.3928796574284,"Crime"
"348",1970,3.30120776821756,3.42260919639369,"Crime"
"349",1971,3.31512212643679,3.40792260683259,"Crime"
"350",1972,3.36885245901639,3.41095057739592,"Crime"
"351",1973,3.37073276087753,3.40921012137543,"Crime"
"352",1974,3.33832335329341,3.41071349945689,"Crime"
"353",1975,3.31239804241436,3.43358969860023,"Crime"
"354",1976,3.33823300273827,3.44901938795853,"Crime"
"355",1977,3.29487372385866,3.40428571428571,"Crime"
"356",1978,3.335,3.44215909090909,"Crime"
"357",1979,3.32990464081373,3.42586750788644,"Crime"
"358",1980,3.34770015463085,3.42264430284857,"Crime"
"359",1981,3.3246013667426,3.42487615370931,"Crime"
"360",1982,3.32231112381661,3.4496587874592,"Crime"
"361",1983,3.35876623376623,3.43942731277533,"Crime"
"362",1984,3.34057971014493,3.44625358342113,"Crime"
"363",1985,3.35822466915485,3.4352906404042,"Crime"
"364",1986,3.35490445301543,3.42430278884462,"Crime"
"365",1987,3.36568208391468,3.46971959065122,"Crime"
"366",1988,3.30772821525792,3.37959866220736,"Crime"
"367",1989,3.3612936573067,3.41511425732737,"Crime"
"368",1990,3.34315687074136,3.42799075088232,"Crime"
"369",1991,3.30737299861633,3.43501048218029,"Crime"
"370",1992,3.3378682487725,3.42144242600659,"Crime"
"371",1993,3.31679105121728,3.40974204735656,"Crime"
"372",1994,3.34087555310906,3.40568044523463,"Crime"
"373",1995,3.32484848484848,3.40682418098026,"Crime"
"374",1996,3.325,3.43493150684932,"Crime"
"375",1997,3.33991865194654,3.43827981524218,"Crime"
"376",1998,3.34026845637584,3.47150959103681,"Crime"
"377",1999,3.32484848484848,3.43171241069301,"Crime"
"378",2000,3.34495289615074,3.42908309455587,"Crime"
"379",2001,3.32208508403362,3.45006289467569,"Crime"
"380",2002,3.34599125198263,3.44960118770377,"Crime"
"381",2003,3.34063526834611,3.39158590142892,"Crime"
"382",2004,3.33153368370759,3.41287520952848,"Crime"
"383",2005,3.33517277222916,3.42300528213461,"Crime"
"384",2006,3.30926724137931,3.42162698412698,"Crime"
"385",2007,3.38177339901478,3.42162162162162,"Crime"
"386",2008,3.31315826890607,3.41724509704126,"Crime"
"387",2009,3.33301886792453,3.40677966101695,"Crime"
"388",2010,3.325,3.40355462721946,"Crime"
"389",2011,3.33008459411276,3.432,"Crime"
"390",2012,3.34967320261438,3.40425385310784,"Crime"
"391",2013,3.30926724137931,3.4389251564704,"Crime"
"392",2014,3.35996835443038,3.43930222130242,"Crime"
"393",2015,3.34970032776903,3.39858233369684,"Crime"
"394",1921,3.30704521556257,3.38784874733269,"Comedy"
"395",1923,3.35227482344261,3.40902196435104,"Comedy"
"396",1924,3.3467292312316,3.45023643323576,"Comedy"
"397",1925,3.34191829484902,3.432,"Comedy"
"398",1926,3.34366140552141,3.40792255548443,"Comedy"
"399",1928,3.32830463453906,3.43562973484848,"Comedy"
"400",1929,3.31659021406728,3.42002604166666,"Comedy"
"401",1930,3.33725282887307,3.4012453945457,"Comedy"
"402",1931,3.38268792710706,3.41569156557455,"Comedy"
"403",1932,3.34105960264901,3.41103114791991,"Comedy"
"404",1933,3.34105960264901,3.44292762351664,"Comedy"
"405",1934,3.39865032116939,3.3950975224038,"Comedy"
"406",1935,3.31260400135583,3.43327239488117,"Comedy"
"407",1936,3.31088964511424,3.42304628709379,"Comedy"
"408",1937,3.34138651964868,3.41666666666667,"Comedy"
"409",1938,3.38260575334541,3.4295864699076,"Comedy"
"410",1939,3.347513987404,3.40742624618515,"Comedy"
"411",1940,3.335,3.42653492231106,"Comedy"
"412",1941,3.33585083785697,3.40492957746479,"Comedy"
"413",1942,3.36313520832104,3.44303677382743,"Comedy"
"414",1943,3.32076931480804,3.44602812618776,"Comedy"
"415",1944,3.31105358372147,3.41897056616234,"Comedy"
"416",1945,3.36146109282697,3.41395820954644,"Comedy"
"417",1946,3.34615384615385,3.40794634443289,"Comedy"
"418",1947,3.325,3.40814329222998,"Comedy"
"419",1948,3.33710407239819,3.45309168443497,"Comedy"
"420",1949,3.33404995904996,3.40909090909091,"Comedy"
"421",1950,3.29950817173072,3.39748855889833,"Comedy"
"422",1951,3.30998174771352,3.41619826264691,"Comedy"
"423",1952,3.36988711720243,3.43133891736314,"Comedy"
"424",1953,3.35748407643312,3.4232849731856,"Comedy"
"425",1954,3.39592417102515,3.39398426156443,"Comedy"
"426",1955,3.37343532684284,3.40116728509586,"Comedy"
"427",1956,3.30530896127499,3.4350628578564,"Comedy"
"428",1957,3.33623496302837,3.43895999842707,"Comedy"
"429",1958,3.3109736632083,3.45146752423226,"Comedy"
"430",1959,3.37336656338408,3.41083800949554,"Comedy"
"431",1960,3.35379123500545,3.43250293455737,"Comedy"
"432",1961,3.38582677165354,3.43077555958862,"Comedy"
"433",1962,3.3386338328917,3.37706611570248,"Comedy"
"434",1963,3.33294117647059,3.42876064209488,"Comedy"
"435",1964,3.31527935914118,3.39158355682199,"Comedy"
"436",1965,3.33938239920523,3.42612591911764,"Comedy"
"437",1966,3.34443339960239,3.40661587008418,"Comedy"
"438",1967,3.325,3.41874780345736,"Comedy"
"439",1968,3.31803797468354,3.40909090909091,"Comedy"
"440",1969,3.33880597014925,3.42306526877159,"Comedy"
"441",1970,3.35251561174647,3.42003047490498,"Comedy"
"442",1971,3.2895791597423,3.4375,"Comedy"
"443",1972,3.34171843181546,3.42297821684707,"Comedy"
"444",1973,3.34478941392229,3.41883531983338,"Comedy"
"445",1974,3.35958394657298,3.43146610484571,"Comedy"
"446",1975,3.34840272488788,3.432,"Comedy"
"447",1976,3.34640371229698,3.42449841605069,"Comedy"
"448",1977,3.33250511546331,3.42430288364613,"Comedy"
"449",1978,3.31214129455669,3.41717791411043,"Comedy"
"450",1979,3.31030107178378,3.3959018372996,"Comedy"
"451",1980,3.34063299232736,3.42956739363604,"Comedy"
"452",1981,3.31234559473657,3.41961414790997,"Comedy"
"453",1982,3.37211155378486,3.4293606591014,"Comedy"
"454",1983,3.33033266081406,3.42666499330656,"Comedy"
"455",1984,3.33812250112177,3.37174721189591,"Comedy"
"456",1985,3.31214328270574,3.42095029430248,"Comedy"
"457",1986,3.34836145310986,3.37819980176962,"Comedy"
"458",1987,3.3368320610687,3.3988292530848,"Comedy"
"459",1988,3.31731413145887,3.45915032679739,"Comedy"
"460",1989,3.36459069554733,3.45599874956767,"Comedy"
"461",1990,3.31975074128985,3.4045227857738,"Comedy"
"462",1991,3.34306046940783,3.41116751269036,"Comedy"
"463",1992,3.33755666255915,3.43625,"Comedy"
"464",1993,3.32612221094362,3.45545998119528,"Comedy"
"465",1994,3.36054421768708,3.41347549909256,"Comedy"
"466",1995,3.34489066497448,3.46285714285714,"Comedy"
"467",1996,3.324,3.42965587044535,"Comedy"
"468",1997,3.34359556926934,3.41470239656634,"Comedy"
"469",1998,3.29984833164813,3.41876410580482,"Comedy"
"470",1999,3.31315789473684,3.42449841605069,"Comedy"
"471",2000,3.34118274670992,3.41204979867222,"Comedy"
"472",2001,3.32968297844363,3.44398106402164,"Comedy"
"473",2002,3.32510543580131,3.43355104057617,"Comedy"
"474",2003,3.30233510227267,3.42984014209591,"Comedy"
"475",2004,3.31315789473684,3.40933156849768,"Comedy"
"476",2005,3.35106382978723,3.42262760429314,"Comedy"
"477",2006,3.35476032168186,3.39642890119619,"Comedy"
"478",2007,3.30123645784268,3.40931557176176,"Comedy"
"479",2008,3.37331622835151,3.41464235861327,"Comedy"
"480",2009,3.32639853924958,3.42570281124498,"Comedy"
"481",2010,3.3549896049896,3.44471040171766,"Comedy"
"482",2011,3.33032634651101,3.41042531115849,"Comedy"
"483",2012,3.36243689468466,3.41214057507987,"Comedy"
"484",2013,3.37736324636349,3.45094894827829,"Comedy"
"485",2014,3.31021897810219,3.41076665696506,"Comedy"
"486",2015,3.35996835443038,3.43700970846779,"Comedy"
"487",1915,3.31046121871939,3.44651972157773,"Drama"
"488",1916,3.35567570088477,3.42338728674246,"Drama"
"489",1919,3.35904348573993,3.42123540913663,"Drama"
"490",1921,3.37682207351944,3.46099493898349,"Drama"
"491",1924,3.3236389018148,3.43680152934121,"Drama"
"492",1925,3.31333333333333,3.40867606869327,"Drama"
"493",1926,3.37604070305273,3.40875879756651,"Drama"
"494",1927,3.30439286861548,3.45783838045842,"Drama"
"495",1928,3.33234752687504,3.44004524886878,"Drama"
"496",1929,3.3061549345596,3.38557659177398,"Drama"
"497",1930,3.31651376146789,3.43489583333333,"Drama"
"498",1931,3.33653500604397,3.39366167348668,"Drama"
"499",1932,3.3496266894889,3.41502276176024,"Drama"
"500",1933,3.34628551865799,3.38364532843056,"Drama"
"501",1934,3.33828382838284,3.41033851884992,"Drama"
"502",1935,3.33535071384233,3.40804697978988,"Drama"
"503",1936,3.32385728714489,3.41295546558704,"Drama"
"504",1937,3.36219770422378,3.43768707302357,"Drama"
"505",1938,3.34807353645617,3.41798967809864,"Drama"
"506",1939,3.34895866985419,3.43941155161105,"Drama"
"507",1940,3.36487217710467,3.42197802197802,"Drama"
"508",1941,3.32188065099457,3.42056942438622,"Drama"
"509",1942,3.32953555878084,3.4186320754717,"Drama"
"510",1943,3.33411654135338,3.36374549819928,"Drama"
"511",1944,3.33535828375043,3.42103181566894,"Drama"
"512",1945,3.29672131147541,3.41178406747586,"Drama"
"513",1946,3.3495145631068,3.47336885365144,"Drama"
"514",1947,3.35404461824428,3.41993056973658,"Drama"
"515",1948,3.28644797709207,3.43805309734513,"Drama"
"516",1949,3.33803501945525,3.41355348593166,"Drama"
"517",1950,3.37811569940476,3.38419188239812,"Drama"
"518",1951,3.32419786096257,3.44567365389231,"Drama"
"519",1952,3.32575757575758,3.3970578151937,"Drama"
"520",1953,3.29274843330349,3.42038904899135,"Drama"
"521",1954,3.35186779275621,3.4105245114844,"Drama"
"522",1955,3.37124775560782,3.39654203813149,"Drama"
"523",1956,3.30416190925733,3.40194447454849,"Drama"
"524",1957,3.33288219133807,3.44021340258567,"Drama"
"525",1958,3.3241112308202,3.45995134754497,"Drama"
"526",1959,3.38449284571603,3.40782624304434,"Drama"
"527",1960,3.35714285714286,3.44610374783514,"Drama"
"528",1961,3.35455245034531,3.38799414348463,"Drama"
"529",1962,3.31315789473684,3.4116834691341,"Drama"
"530",1963,3.38855559330289,3.40079555574286,"Drama"
"531",1964,3.33100372736954,3.45467458696176,"Drama"
"532",1965,3.33823529411765,3.41083800949554,"Drama"
"533",1966,3.34105960264901,3.38269454123113,"Drama"
"534",1967,3.31445229906121,3.43077382646835,"Drama"
"535",1968,3.35754998523643,3.40394215151005,"Drama"
"536",1969,3.33817918637433,3.41614241302778,"Drama"
"537",1970,3.33467515605091,3.43636363636364,"Drama"
"538",1971,3.31315789473684,3.43702411167513,"Drama"
"539",1972,3.31584844681351,3.42964313456902,"Drama"
"540",1973,3.40328434838885,3.432745091509,"Drama"
"541",1974,3.32863187588152,3.47023552217619,"Drama"
"542",1975,3.40260622422952,3.42431059878791,"Drama"
"543",1976,3.3211940849132,3.42626262626263,"Drama"
"544",1977,3.35217140528148,3.40864032008059,"Drama"
"545",1978,3.3535767973554,3.45429261681528,"Drama"
"546",1979,3.33936231104789,3.40440416367552,"Drama"
"547",1980,3.30753303890782,3.4231145341785,"Drama"
"548",1981,3.32842374800937,3.43117891359929,"Drama"
"549",1982,3.35457216305545,3.46791093647675,"Drama"
"550",1983,3.31855822349052,3.42201770736254,"Drama"
"551",1984,3.34216027874565,3.39700374531835,"Drama"
"552",1985,3.30926724137931,3.43844673162122,"Drama"
"553",1986,3.33634144946283,3.4291183011171,"Drama"
"554",1987,3.40698415112996,3.39307256443063,"Drama"
"555",1988,3.34972745292369,3.40430402930403,"Drama"
"556",1989,3.32863187588152,3.42430288364613,"Drama"
"557",1990,3.33660948130742,3.4131256442561,"Drama"
"558",1991,3.35251047075826,3.43070002733016,"Drama"
"559",1992,3.32215036378335,3.3640727124183,"Drama"
"560",1993,3.33553210202287,3.43793074805009,"Drama"
"561",1994,3.32646612437066,3.41040843214756,"Drama"
"562",1995,3.30380509338048,3.40801886792453,"Drama"
"563",1996,3.37293871060188,3.38321680267356,"Drama"
"564",1997,3.30781126743687,3.40186074429772,"Drama"
"565",1998,3.3025078369906,3.39691974908424,"Drama"
"566",1999,3.31467181467181,3.41335044929397,"Drama"
"567",2000,3.31229461594375,3.45578174529329,"Drama"
"568",2001,3.33771929824561,3.43320088275527,"Drama"
"569",2002,3.32336059423769,3.45615560088834,"Drama"
"570",2003,3.34463042757706,3.4284548783196,"Drama"
"571",2004,3.34157465825447,3.39455782312925,"Drama"
"572",2005,3.33976261127596,3.40977246763138,"Drama"
"573",2006,3.37339030090794,3.45073012657938,"Drama"
"574",2007,3.34219263417306,3.40136709721425,"Drama"
"575",2008,3.36971830985915,3.44356243836534,"Drama"
"576",2009,3.33552631578947,3.39911684782609,"Drama"
"577",2010,3.32755785954441,3.38737323218824,"Drama"
"578",2011,3.30755104380024,3.42893790227233,"Drama"
"579",2012,3.37382676184002,3.41717791411043,"Drama"
"580",2013,3.34245292500266,3.4618721002013,"Drama"
"581",2014,3.34046692607004,3.45145631067961,"Drama"
"582",2015,3.34569597069597,3.41846300587563,"Drama"
"583",1929,3.35199686765857,3.44979990174005,"Documentary"
"584",1934,3.3406862745098,3.41214057507987,"Documentary"
"585",1955,3.3284880040991,3.42920303580611,"Documentary"
"586",1964,3.33771929824561,3.44428597537892,"Documentary"
"587",1966,3.34858609730258,3.43553850607991,"Documentary"
"588",1967,3.3297668997669,3.40665210405604,"Documentary"
"589",1968,3.34848484848485,3.43877551020408,"Documentary"
"590",1969,3.33271392208584,3.4171552341867,"Documentary"
"591",1970,3.3455562461156,3.41122347480106,"Documentary"
"592",1971,3.29109695463021,3.40742624618515,"Documentary"
"593",1974,3.31126644736842,3.43501048218029,"Documentary"
"594",1976,3.34118550762933,3.42922476546779,"Documentary"
"595",1977,3.3495145631068,3.43110889292196,"Documentary"
"596",1978,3.375,3.44345429987994,"Documentary"
"597",1979,3.33510002280866,3.42970376786598,"Documentary"
"598",1980,3.34615384615385,3.42539793402117,"Documentary"
"599",1981,3.33832335329341,3.41758616396052,"Documentary"
"600",1982,3.352826862606,3.40452295848227,"Documentary"
"601",1983,3.33535071384233,3.4484649122807,"Documentary"
"602",1984,3.36698636696524,3.46446445898777,"Documentary"
"603",1985,3.35712073808018,3.41116353032887,"Documentary"
"604",1987,3.34695228313852,3.43654362114707,"Documentary"
"605",1988,3.35452322738386,3.41729631499873,"Documentary"
"606",1989,3.34105960264901,3.41814540281521,"Documentary"
"607",1990,3.34088284357757,3.48634025874547,"Documentary"
"608",1991,3.33411654135338,3.41994028720754,"Documentary"
"609",1992,3.30859228790202,3.42152466367713,"Documentary"
"610",1993,3.33057851239669,3.42056942438622,"Documentary"
"611",1994,3.32606650442703,3.41046831612907,"Documentary"
"612",1995,3.32404663746457,3.4000344571671,"Documentary"
"613",1996,3.32186499137719,3.411220804965,"Documentary"
"614",1997,3.36527886881383,3.38388324873096,"Documentary"
"615",1998,3.36255451434229,3.42419127172292,"Documentary"
"616",1999,3.33832335329341,3.44170541365371,"Documentary"
"617",2000,3.32863187588152,3.38795986622074,"Documentary"
"618",2001,3.34267198730692,3.4195822708225,"Documentary"
"619",2002,3.328173374613,3.4166354286559,"Documentary"
"620",2003,3.31333333333333,3.45661874070402,"Documentary"
"621",2004,3.3423566017316,3.40605693519079,"Documentary"
"622",2005,3.32748357963875,3.42449841605069,"Documentary"
"623",2006,3.31803278688525,3.41419850641162,"Documentary"
"624",2007,3.36325724319579,3.42744120215573,"Documentary"
"625",2008,3.31333333333333,3.42433608058608,"Documentary"
"626",2009,3.32511995804126,3.41166674271113,"Documentary"
"627",2010,3.32115850454353,3.4422509187002,"Documentary"
"628",2011,3.3737658674189,3.4244442551268,"Documentary"
"629",2012,3.3565306830574,3.45151953690304,"Documentary"
"630",2013,3.30249733546472,3.43373944932143,"Documentary"
"631",2014,3.35371179039301,3.40415237628613,"Documentary"
"632",2015,3.34004373045036,3.38743928758349,"Documentary"
"633",1902,3.32042253521127,3.38921358629131,"Fantasy"
"634",1920,3.3477314247769,3.41625615763547,"Fantasy"
"635",1924,3.38925855513308,3.45023643323576,"Fantasy"
"636",1926,3.34718172817311,3.45383980426008,"Fantasy"
"637",1929,3.32306497781004,3.37629386637785,"Fantasy"
"638",1932,3.33031468840702,3.44460873983739,"Fantasy"
"639",1933,3.37073996405033,3.4563603582026,"Fantasy"
"640",1934,3.3031727729217,3.42908309455587,"Fantasy"
"641",1935,3.29755702937736,3.43709486212865,"Fantasy"
"642",1937,3.31814188866583,3.42606506707453,"Fantasy"
"643",1938,3.38519924098672,3.38387710823645,"Fantasy"
"644",1939,3.37578038927653,3.43365616576161,"Fantasy"
"645",1940,3.35195530726257,3.4375,"Fantasy"
"646",1941,3.3574834244709,3.4346977285553,"Fantasy"
"647",1942,3.32931749009399,3.45240263460072,"Fantasy"
"648",1943,3.35237893670845,3.43075290914914,"Fantasy"
"649",1945,3.36930639761677,3.40667161777448,"Fantasy"
"650",1946,3.33486519031882,3.43789177252878,"Fantasy"
"651",1947,3.34185606060606,3.43267917404646,"Fantasy"
"652",1948,3.29230769230769,3.40334815142615,"Fantasy"
"653",1950,3.34008840781202,3.39382716049383,"Fantasy"
"654",1951,3.37629386637785,3.38328355463808,"Fantasy"
"655",1953,3.34042408326038,3.44270636810212,"Fantasy"
"656",1954,3.31743388488191,3.40193365877747,"Fantasy"
"657",1956,3.33899895269681,3.42463968760376,"Fantasy"
"658",1958,3.29893758300133,3.39456233421751,"Fantasy"
"659",1959,3.34724975222993,3.41617455041843,"Fantasy"
"660",1960,3.34980744544288,3.43021778584392,"Fantasy"
"661",1961,3.37519381806139,3.39570310159574,"Fantasy"
"662",1962,3.35602811974428,3.42994095443507,"Fantasy"
"663",1963,3.34818215994032,3.43720836685439,"Fantasy"
"664",1964,3.36776601668539,3.41737891737892,"Fantasy"
"665",1965,3.3452380952381,3.40489340432446,"Fantasy"
"666",1966,3.36217948717949,3.42196741699449,"Fantasy"
"667",1967,3.3393644379133,3.42647058823529,"Fantasy"
"668",1968,3.31367902372497,3.40433486264276,"Fantasy"
"669",1969,3.31069235421567,3.4246732697031,"Fantasy"
"670",1970,3.36307135961558,3.40565277587522,"Fantasy"
"671",1971,3.33674092881763,3.42258901037287,"Fantasy"
"672",1972,3.2888795318464,3.43889560661024,"Fantasy"
"673",1973,3.3244140383426,3.40484574111334,"Fantasy"
"674",1974,3.35069137311361,3.44004524886878,"Fantasy"
"675",1975,3.31082819075125,3.39619365124805,"Fantasy"
"676",1976,3.37290260878806,3.41609294320138,"Fantasy"
"677",1977,3.3740430288828,3.44227683984703,"Fantasy"
"678",1978,3.34185606060606,3.40369839098865,"Fantasy"
"679",1979,3.34002684385808,3.41466283788716,"Fantasy"
"680",1980,3.31088100126996,3.43860845839018,"Fantasy"
"681",1981,3.33333333333333,3.41816671447696,"Fantasy"
"682",1982,3.34820880567078,3.46745562130178,"Fantasy"
"683",1983,3.34750022240014,3.42792265515791,"Fantasy"
"684",1984,3.31644843428906,3.42868719611021,"Fantasy"
"685",1985,3.35279187817259,3.43245624330141,"Fantasy"
"686",1986,3.33700367949915,3.45661874070402,"Fantasy"
"687",1987,3.32088195901105,3.41643246465679,"Fantasy"
"688",1988,3.32867412140575,3.45271960230811,"Fantasy"
"689",1989,3.35123960058404,3.40779818252713,"Fantasy"
"690",1990,3.30711213645949,3.39579793550744,"Fantasy"
"691",1991,3.32215036378335,3.42196741699449,"Fantasy"
"692",1992,3.32575757575758,3.382541480507,"Fantasy"
"693",1993,3.34851485148515,3.41748936562165,"Fantasy"
"694",1994,3.3344983995936,3.41409484380881,"Fantasy"
"695",1995,3.35539633523887,3.43161143080123,"Fantasy"
"696",1996,3.36715780302876,3.39017341040462,"Fantasy"
"697",1997,3.34824902723735,3.39631988676575,"Fantasy"
"698",1998,3.37335834354552,3.42047244094488,"Fantasy"
"699",1999,3.37332419396775,3.40677966101695,"Fantasy"
"700",2000,3.37306709173187,3.3811611365606,"Fantasy"
"701",2001,3.33365048381138,3.42908309455587,"Fantasy"
"702",2002,3.37284894837476,3.42238331383759,"Fantasy"
"703",2003,3.36187062185469,3.40265480253534,"Fantasy"
"704",2004,3.32686084142395,3.43973628082205,"Fantasy"
"705",2005,3.33561428821888,3.37195390107616,"Fantasy"
"706",2006,3.33954154727794,3.4119170984456,"Fantasy"
"707",2007,3.34640371229698,3.40865384615385,"Fantasy"
"708",2008,3.33811176018243,3.42206081081081,"Fantasy"
"709",2009,3.34305442332024,3.4227957977113,"Fantasy"
"710",2010,3.32065058479532,3.42873235737691,"Fantasy"
"711",2011,3.32547117223791,3.40583109919571,"Fantasy"
"712",2012,3.33828382838284,3.41220689946018,"Fantasy"
"713",2013,3.33035714285714,3.46928184108279,"Fantasy"
"714",2014,3.34434073260648,3.3982864891196,"Fantasy"
"715",2015,3.34529147982063,3.39822903331074,"Fantasy"
"716",1920,3.33096085409253,3.45327709279689,"Horror"
"717",1922,3.35527521196251,3.41646141215107,"Horror"
"718",1925,3.34104934149013,3.40742624618515,"Horror"
"719",1926,3.3311259095848,3.43407285776859,"Horror"
"720",1931,3.33552631578947,3.42152466367713,"Horror"
"721",1932,3.32173309646763,3.43651941693557,"Horror"
"722",1933,3.34357819504356,3.417502456761,"Horror"
"723",1935,3.34364527122976,3.41073607178877,"Horror"
"724",1939,3.36527886881383,3.42426901329589,"Horror"
"725",1940,3.30998930773625,3.41809207940252,"Horror"
"726",1941,3.32495523474528,3.42006172839506,"Horror"
"727",1942,3.34628551865799,3.40406593406593,"Horror"
"728",1943,3.31196581196581,3.38010096746707,"Horror"
"729",1944,3.31322081836996,3.40933156849768,"Horror"
"730",1945,3.32070055639858,3.43103429605045,"Horror"
"731",1948,3.34848484848485,3.46376182790944,"Horror"
"732",1951,3.34026845637584,3.45754831765642,"Horror"
"733",1953,3.36415830812821,3.42058913620584,"Horror"
"734",1954,3.34009355416119,3.38708575725706,"Horror"
"735",1955,3.34103729238483,3.4466011042098,"Horror"
"736",1956,3.37081339712919,3.40496625873749,"Horror"
"737",1957,3.40539874077489,3.40827712664013,"Horror"
"738",1958,3.37313569550412,3.41666666666667,"Horror"
"739",1959,3.32155790036658,3.4408315565032,"Horror"
"740",1960,3.34535945913019,3.44230769230769,"Horror"
"741",1961,3.3459208823868,3.41666666666667,"Horror"
"742",1962,3.31022500060225,3.42328811369509,"Horror"
"743",1963,3.30651719210052,3.4389251564704,"Horror"
"744",1964,3.33686116551411,3.42043074496812,"Horror"
"745",1965,3.32657518582046,3.42983963809583,"Horror"
"746",1967,3.33019991015274,3.45993098159509,"Horror"
"747",1968,3.34388152077807,3.43942731277533,"Horror"
"748",1971,3.35819846624446,3.41759002770083,"Horror"
"749",1972,3.36258033359337,3.44573393280072,"Horror"
"750",1973,3.35807976701575,3.41396981338479,"Horror"
"751",1974,3.37402653241505,3.40132934633458,"Horror"
"752",1975,3.36219770422378,3.43529411764706,"Horror"
"753",1976,3.32076931480804,3.4131256442561,"Horror"
"754",1977,3.32332155477032,3.43370969219495,"Horror"
"755",1978,3.3573793755913,3.42336620865856,"Horror"
"756",1979,3.32135032342508,3.44314381270903,"Horror"
"757",1980,3.33580728812484,3.45702804746494,"Horror"
"758",1981,3.30191131011905,3.40801886792453,"Horror"
"759",1982,3.31385281385281,3.42888342176166,"Horror"
"760",1983,3.36018412483831,3.46812504127236,"Horror"
"761",1984,3.33979080790043,3.4054561101549,"Horror"
"762",1985,3.3640727124183,3.38942307692308,"Horror"
"763",1986,3.38920428880094,3.40428571428571,"Horror"
"764",1987,3.31666666666667,3.43662842012357,"Horror"
"765",1988,3.32937594350484,3.44269102990033,"Horror"
"766",1989,3.33122126877107,3.41285719245106,"Horror"
"767",1990,3.3431982038195,3.41407371948301,"Horror"
"768",1991,3.3459208823868,3.42430288364613,"Horror"
"769",1992,3.34761904761905,3.41040843214756,"Horror"
"770",1993,3.33553210202287,3.40826771653543,"Horror"
"771",1994,3.35414197672423,3.44482474779137,"Horror"
"772",1995,3.34635926407334,3.43562973484848,"Horror"
"773",1996,3.33535071384233,3.43882978723404,"Horror"
"774",1997,3.34777822257806,3.40913213701828,"Horror"
"775",1998,3.38267284544463,3.41385014299284,"Horror"
"776",1999,3.37373737373737,3.46545877615844,"Horror"
"777",2000,3.32800233123617,3.39089269612263,"Horror"
"778",2001,3.34848484848485,3.410420683645,"Horror"
"779",2002,3.32484848484848,3.42162162162162,"Horror"
"780",2003,3.33174060382825,3.43180935147976,"Horror"
"781",2004,3.33250511546331,3.41923138721316,"Horror"
"782",2005,3.30974310974075,3.42736464825216,"Horror"
"783",2006,3.31184553331192,3.43830433581883,"Horror"
"784",2007,3.34297520661157,3.43834181252171,"Horror"
"785",2008,3.28270724486242,3.50264757767253,"Horror"
"786",2009,3.33611111111111,3.42908309455587,"Horror"
"787",2010,3.33773631840796,3.41693811074919,"Horror"
"788",2011,3.31651376146789,3.38367389418907,"Horror"
"789",2012,3.32557815990402,3.44767441860465,"Horror"
"790",2013,3.31629938044412,3.45151953690304,"Horror"
"791",2014,3.33986882823571,3.41666666666667,"Horror"
"792",2015,3.32509441596979,3.45114480695537,"Horror"
"793",1991,3.38821138211382,3.45738942826321,"IMAX"
"794",1994,3.34108020135147,3.41822170123586,"IMAX"
"795",1995,3.36971830985915,3.4140625,"IMAX"
"796",1998,3.34434073260648,3.40002269146459,"IMAX"
"797",1999,3.31847713635423,3.40199436705488,"IMAX"
"798",2001,3.35383064516129,3.41493432266436,"IMAX"
"799",2002,3.34824902723735,3.40376884836054,"IMAX"
"800",2003,3.35280692192397,3.3954388549475,"IMAX"
"801",2004,3.32318074543761,3.42007777623793,"IMAX"
"802",2005,3.34063526834611,3.40147081136131,"IMAX"
"803",2006,3.35088137635273,3.46003042931234,"IMAX"
"804",2007,3.38304540853883,3.40073982737361,"IMAX"
"805",2008,3.32127207542159,3.39631988676575,"IMAX"
"806",2009,3.32142857142857,3.4168175375072,"IMAX"
"807",2010,3.34354707792208,3.4202284707275,"IMAX"
"808",2011,3.34633146533831,3.44359876371813,"IMAX"
"809",2012,3.33599218860433,3.45908304043836,"IMAX"
"810",2013,3.28609147839394,3.41553548622514,"IMAX"
"811",2014,3.34755217609623,3.44117647058823,"IMAX"
"812",1928,3.33880977174828,3.45133027002496,"Musical"
"813",1929,3.32906231799651,3.42467440233568,"Musical"
"814",1930,3.3600175120229,3.41575091575092,"Musical"
"815",1931,3.31027842852955,3.40645842256624,"Musical"
"816",1933,3.33991865194654,3.41755208333333,"Musical"
"817",1934,3.32387640547616,3.44951636919436,"Musical"
"818",1935,3.34285251065407,3.45327709279689,"Musical"
"819",1936,3.36280124836301,3.43170219063064,"Musical"
"820",1937,3.29095798319327,3.42473958333333,"Musical"
"821",1939,3.32619047619048,3.45426356589147,"Musical"
"822",1940,3.32096267147987,3.4375,"Musical"
"823",1941,3.34139767478077,3.44818652849741,"Musical"
"824",1942,3.31146092638692,3.40938510403157,"Musical"
"825",1943,3.32738469075732,3.41080420265869,"Musical"
"826",1944,3.34916114846401,3.43886076465356,"Musical"
"827",1945,3.38318452380952,3.42839275175707,"Musical"
"828",1946,3.34935085271383,3.403314299288,"Musical"
"829",1947,3.32033185520129,3.43834171530437,"Musical"
"830",1948,3.36651383118857,3.40451083228038,"Musical"
"831",1949,3.37604070305273,3.42162162162162,"Musical"
"832",1950,3.33903024180819,3.37651695428623,"Musical"
"833",1951,3.36885245901639,3.43908891469867,"Musical"
"834",1952,3.30806159165412,3.42410050166679,"Musical"
"835",1953,3.30178883688961,3.41883531983338,"Musical"
"836",1954,3.3749911782729,3.39362807865654,"Musical"
"837",1955,3.29973624414879,3.412109375,"Musical"
"838",1956,3.35372497928328,3.42458390714145,"Musical"
"839",1957,3.32872939302246,3.3959018372996,"Musical"
"840",1958,3.34166666666667,3.38811824131624,"Musical"
"841",1959,3.38519924098672,3.41263310966798,"Musical"
"842",1960,3.3382099827883,3.40677966101695,"Musical"
"843",1961,3.32274159663866,3.47294715447155,"Musical"
"844",1962,3.34956106249096,3.42948717948718,"Musical"
"845",1963,3.33057851239669,3.42736070512282,"Musical"
"846",1964,3.30727440412716,3.38929230363732,"Musical"
"847",1965,3.34249067039806,3.42375694145262,"Musical"
"848",1966,3.36741214057508,3.40101192138983,"Musical"
"849",1967,3.35307591623037,3.42213341727602,"Musical"
"850",1968,3.3298204151966,3.43882592269689,"Musical"
"851",1969,3.35099365631842,3.4390931114388,"Musical"
"852",1970,3.35491071428571,3.44752141982864,"Musical"
"853",1971,3.33951917547839,3.41807124628079,"Musical"
"854",1972,3.32698260768063,3.43667940853065,"Musical"
"855",1973,3.32634032634033,3.41887799788503,"Musical"
"856",1974,3.3591896956411,3.3923003274836,"Musical"
"857",1975,3.32521087160262,3.43795620437956,"Musical"
"858",1976,3.36046740700389,3.42860938883968,"Musical"
"859",1977,3.35684680433222,3.47262319561971,"Musical"
"860",1978,3.31126644736842,3.43175016268902,"Musical"
"861",1979,3.3148560679039,3.42873558872878,"Musical"
"862",1980,3.30737299861633,3.42739062592004,"Musical"
"863",1981,3.32111609440482,3.43130817339817,"Musical"
"864",1982,3.31893064193221,3.41745283018868,"Musical"
"865",1983,3.37455651556891,3.42885532591415,"Musical"
"866",1984,3.31403118040089,3.40899296463865,"Musical"
"867",1985,3.3469387755102,3.39394644935972,"Musical"
"868",1986,3.33876158096309,3.40186074429772,"Musical"
"869",1987,3.30841121495327,3.38334778837814,"Musical"
"870",1988,3.35997937080969,3.42197802197802,"Musical"
"871",1989,3.33535071384233,3.41039008627869,"Musical"
"872",1990,3.33805071138993,3.43707582739841,"Musical"
"873",1991,3.33359981128119,3.43639734109151,"Musical"
"874",1992,3.33096085409253,3.46428571428571,"Musical"
"875",1993,3.33535071384233,3.45512425671034,"Musical"
"876",1994,3.33509950779009,3.45071109238404,"Musical"
"877",1995,3.36378664345918,3.42038904899135,"Musical"
"878",1996,3.32249692927087,3.39572601555748,"Musical"
"879",1997,3.33019491976723,3.43428325626412,"Musical"
"880",1998,3.33954689304195,3.41666666666667,"Musical"
"881",1999,3.3353635971852,3.46428571428571,"Musical"
"882",2000,3.32607660803922,3.4171612194868,"Musical"
"883",2001,3.34819110961536,3.4608973580717,"Musical"
"884",2002,3.32349942431591,3.40488237221551,"Musical"
"885",2003,3.34443339960239,3.41704918699229,"Musical"
"886",2004,3.31294423753562,3.41503879218906,"Musical"
"887",2005,3.3452606796779,3.42723371749849,"Musical"
"888",2006,3.34270016762774,3.45270440881764,"Musical"
"889",2007,3.33829787234043,3.41079459260522,"Musical"
"890",2008,3.36229314420804,3.42612348178138,"Musical"
"891",2009,3.34785459996253,3.42626262626263,"Musical"
"892",2010,3.33825956125025,3.4465289209533,"Musical"
"893",2011,3.33963479271865,3.40097159499111,"Musical"
"894",2012,3.34692711814353,3.4188679245283,"Musical"
"895",2013,3.30949985685201,3.38984872185678,"Musical"
"896",2014,3.34179248075784,3.43762263170857,"Musical"
"897",1931,3.33008680923142,3.44041270107389,"Mystery"
"898",1932,3.36280124836301,3.44292367501,"Mystery"
"899",1933,3.34395424836601,3.46832586206073,"Mystery"
"900",1935,3.38446081714668,3.44823416094817,"Mystery"
"901",1936,3.33991865194654,3.42860938883968,"Mystery"
"902",1938,3.328173374613,3.41944852411422,"Mystery"
"903",1939,3.33815192876748,3.42520996877698,"Mystery"
"904",1940,3.33881968302436,3.39531135531136,"Mystery"
"905",1941,3.33997077448402,3.41192327734798,"Mystery"
"906",1942,3.3207959899073,3.45818181818182,"Mystery"
"907",1943,3.31165540540541,3.41034587095085,"Mystery"
"908",1944,3.34529147982063,3.40583109919571,"Mystery"
"909",1945,3.33559322033898,3.42671394799054,"Mystery"
"910",1946,3.3628399508572,3.43688809516216,"Mystery"
"911",1947,3.33852063213345,3.41737891737892,"Mystery"
"912",1948,3.36038961038961,3.4207194948018,"Mystery"
"913",1949,3.34797936063618,3.40893665158371,"Mystery"
"914",1950,3.34702960908422,3.45327709279689,"Mystery"
"915",1953,3.33680073971336,3.43093991809384,"Mystery"
"916",1954,3.31067961165049,3.41666666666667,"Mystery"
"917",1955,3.32404663746457,3.42587748811654,"Mystery"
"918",1956,3.29847908745247,3.42925587875686,"Mystery"
"919",1957,3.3138043833039,3.43877785435332,"Mystery"
"920",1958,3.32951563213144,3.41391708967851,"Mystery"
"921",1959,3.30737299861633,3.42885532591415,"Mystery"
"922",1960,3.34194721762099,3.43117093262725,"Mystery"
"923",1961,3.34411764705882,3.44370860927152,"Mystery"
"924",1962,3.3625619519634,3.41477377876852,"Mystery"
"925",1963,3.3406862745098,3.4383929958068,"Mystery"
"926",1964,3.33444147261018,3.42969497424311,"Mystery"
"927",1965,3.33553210202287,3.4012332282977,"Mystery"
"928",1966,3.35139310413454,3.4435851218936,"Mystery"
"929",1967,3.37271389106819,3.44831460674157,"Mystery"
"930",1968,3.38197724654378,3.42127372318212,"Mystery"
"931",1969,3.3177084431327,3.42022538869321,"Mystery"
"932",1970,3.35626066805747,3.44554492118051,"Mystery"
"933",1971,3.37203911626222,3.40933156849768,"Mystery"
"934",1972,3.32686084142395,3.4072014951856,"Mystery"
"935",1973,3.34364527122976,3.41382834589844,"Mystery"
"936",1974,3.35458301680983,3.41694081617193,"Mystery"
"937",1975,3.31742424242425,3.42475557006799,"Mystery"
"938",1976,3.35322224944866,3.42448615995311,"Mystery"
"939",1977,3.30973247232472,3.44130822554559,"Mystery"
"940",1978,3.31466500808427,3.41203478795954,"Mystery"
"941",1979,3.30221956161356,3.43774827677617,"Mystery"
"942",1980,3.41105302118997,3.39298717856323,"Mystery"
"943",1981,3.32397959183673,3.43764400921659,"Mystery"
"944",1982,3.33673286221752,3.43418296089385,"Mystery"
"945",1983,3.31904761904762,3.40927168970446,"Mystery"
"946",1984,3.3535660091047,3.4188679245283,"Mystery"
"947",1985,3.34761904761905,3.42022039457605,"Mystery"
"948",1986,3.35655737704918,3.41060747663551,"Mystery"
"949",1987,3.36527416494584,3.40097402597403,"Mystery"
"950",1988,3.28993055555556,3.42118644067797,"Mystery"
"951",1989,3.32738095238095,3.41717791411043,"Mystery"
"952",1990,3.33967391304348,3.4507700770077,"Mystery"
"953",1991,3.37343532684284,3.409867563302,"Mystery"
"954",1992,3.32339235787512,3.38979350567466,"Mystery"
"955",1993,3.34824902723735,3.43571638420683,"Mystery"
"956",1994,3.35770905383905,3.44239631336406,"Mystery"
"957",1995,3.27692788898999,3.38799414348463,"Mystery"
"958",1996,3.33071660837001,3.47119916215745,"Mystery"
"959",1997,3.33057851239669,3.37245101959217,"Mystery"
"960",1998,3.30400372439479,3.38282218337836,"Mystery"
"961",1999,3.36164927867832,3.42018931669899,"Mystery"
"962",2000,3.3452380952381,3.432,"Mystery"
"963",2001,3.30751730537361,3.43489583333333,"Mystery"
"964",2002,3.3416091954023,3.41741832213458,"Mystery"
"965",2003,3.35854364646623,3.42755832011631,"Mystery"
"966",2004,3.30841121495327,3.3980219617716,"Mystery"
"967",2005,3.33476658476658,3.43352465856587,"Mystery"
"968",2006,3.33535071384233,3.42074169966236,"Mystery"
"969",2007,3.33685785021663,3.40654205607477,"Mystery"
"970",2008,3.35164987062713,3.44272784019975,"Mystery"
"971",2009,3.38085539714868,3.42715529714197,"Mystery"
"972",2010,3.364573409548,3.47643363594857,"Mystery"
"973",2011,3.33785499139415,3.41168926346647,"Mystery"
"974",2012,3.35761589403974,3.43056113566359,"Mystery"
"975",2013,3.35064500347607,3.41315789473684,"Mystery"
"976",2014,3.34346039350205,3.39224137931034,"Mystery"
"977",2015,3.31754267336953,3.43021778584392,"Mystery"
"978",1919,3.37346437346437,3.41481481481481,"Romance"
"979",1923,3.33484933177499,3.4193610077382,"Romance"
"980",1924,3.36397787664408,3.42616904806086,"Romance"
"981",1925,3.31843575418994,3.41157024620745,"Romance"
"982",1927,3.33552631578947,3.43895999842707,"Romance"
"983",1928,3.38390430276241,3.42971887550201,"Romance"
"984",1931,3.33265704465988,3.38868316966721,"Romance"
"985",1932,3.28984487238947,3.39931072016401,"Romance"
"986",1933,3.31074873523537,3.41755208333333,"Romance"
"987",1934,3.36318292831317,3.47817744443769,"Romance"
"988",1935,3.35748407643312,3.43459672153707,"Romance"
"989",1936,3.38431329390164,3.43847072879331,"Romance"
"990",1937,3.31284916201117,3.41904812115047,"Romance"
"991",1938,3.35789791603745,3.46063449539421,"Romance"
"992",1939,3.31105840952956,3.42411324786324,"Romance"
"993",1940,3.34063722017554,3.44333333333333,"Romance"
"994",1941,3.3246013667426,3.41036850854998,"Romance"
"995",1942,3.30424028268551,3.4497200868984,"Romance"
"996",1943,3.32923820245801,3.42101907042022,"Romance"
"997",1944,3.36038961038961,3.44337348697814,"Romance"
"998",1945,3.35526868086309,3.41200925111816,"Romance"
"999",1946,3.30573663624511,3.4203263603866,"Romance"
"1000",1947,3.33018132255614,3.42868719611021,"Romance"
"1001",1948,3.35385729731158,3.42723371749849,"Romance"
"1002",1949,3.35233431169188,3.42306526877159,"Romance"
"1003",1950,3.40113452205874,3.42183238448299,"Romance"
"1004",1951,3.32692307692308,3.40045304777595,"Romance"
"1005",1952,3.3246287545336,3.41360544217687,"Romance"
"1006",1953,3.33471662000491,3.43968342086955,"Romance"
"1007",1954,3.32664443221189,3.41508313619012,"Romance"
"1008",1955,3.32787979075477,3.42361111111111,"Romance"
"1009",1956,3.30511811023622,3.42406876790831,"Romance"
"1010",1957,3.33110687022901,3.40424462924463,"Romance"
"1011",1958,3.33122126877107,3.41845941180041,"Romance"
"1012",1959,3.30735551663748,3.42361111111111,"Romance"
"1013",1960,3.32691089479929,3.46505844563316,"Romance"
"1014",1961,3.31649834882113,3.4596948196001,"Romance"
"1015",1962,3.31098911220407,3.40073982737361,"Romance"
"1016",1963,3.3509234828496,3.42162162162162,"Romance"
"1017",1964,3.36990877262927,3.40728970383662,"Romance"
"1018",1965,3.34723598722608,3.44640408023316,"Romance"
"1019",1966,3.36224893430875,3.40056209435777,"Romance"
"1020",1967,3.36374549819928,3.42103181566894,"Romance"
"1021",1968,3.32897173987062,3.47276976495727,"Romance"
"1022",1969,3.33663366336634,3.40826771653543,"Romance"
"1023",1970,3.31466289873685,3.40405101904141,"Romance"
"1024",1971,3.33889376646181,3.43778801843318,"Romance"
"1025",1972,3.36527886881383,3.41214057507987,"Romance"
"1026",1973,3.30977941378499,3.39466292134831,"Romance"
"1027",1974,3.29924600177516,3.4131256442561,"Romance"
"1028",1975,3.34751642635504,3.41618765302085,"Romance"
"1029",1976,3.31651376146789,3.41694352159468,"Romance"
"1030",1977,3.30507376087896,3.42164167916042,"Romance"
"1031",1978,3.35654884854705,3.39746158984636,"Romance"
"1032",1979,3.34041338674435,3.40424462924463,"Romance"
"1033",1980,3.33644736934127,3.40452261306533,"Romance"
"1034",1981,3.40772255705484,3.43756393766288,"Romance"
"1035",1982,3.33981900452489,3.41616240530303,"Romance"
"1036",1983,3.3416763757473,3.3959018372996,"Romance"
"1037",1984,3.33855029471819,3.42545894151318,"Romance"
"1038",1985,3.33991865194654,3.42492500895415,"Romance"
"1039",1986,3.31476531406171,3.41748030147311,"Romance"
"1040",1987,3.34949350147281,3.42405275226552,"Romance"
"1041",1988,3.34361373588068,3.45362638673506,"Romance"
"1042",1989,3.33585083785697,3.42642519779697,"Romance"
"1043",1990,3.32935934255647,3.43930434782609,"Romance"
"1044",1991,3.37731247596149,3.4105245114844,"Romance"
"1045",1992,3.34185606060606,3.4323587048106,"Romance"
"1046",1993,3.31184553331192,3.42223901098901,"Romance"
"1047",1994,3.34934143870314,3.42502546835309,"Romance"
"1048",1995,3.35327785259352,3.40582884370758,"Romance"
"1049",1996,3.34758055491635,3.39001309314191,"Romance"
"1050",1997,3.35988861032058,3.45096149481453,"Romance"
"1051",1998,3.36245110821382,3.40824004459909,"Romance"
"1052",1999,3.35074470131471,3.4066978867142,"Romance"
"1053",2000,3.35454504421241,3.40750187165744,"Romance"
"1054",2001,3.34682993475201,3.43055629692893,"Romance"
"1055",2002,3.38795986622074,3.41778509311044,"Romance"
"1056",2003,3.34691546077685,3.43688809516216,"Romance"
"1057",2004,3.38939917453403,3.40898470688191,"Romance"
"1058",2005,3.30588555950187,3.36654135338346,"Romance"
"1059",2006,3.33986882823571,3.40546228647105,"Romance"
"1060",2007,3.38887670337876,3.43708364174685,"Romance"
"1061",2008,3.34209800543917,3.43902452288184,"Romance"
"1062",2009,3.34157350737509,3.43060370842213,"Romance"
"1063",2010,3.32111609440482,3.46107784431138,"Romance"
"1064",2011,3.31353230359733,3.44315006641435,"Romance"
"1065",2012,3.32253373662168,3.44827243122064,"Romance"
"1066",2013,3.33179869016061,3.4074014936152,"Romance"
"1067",2014,3.31610799110799,3.41666666666667,"Romance"
"1068",2015,3.35913436279157,3.45052572940603,"Romance"
"1069",1927,3.31239804241436,3.41922473387168,"Thriller"
"1070",1929,3.30604550380948,3.43743583009002,"Thriller"
"1071",1931,3.33903024180819,3.41013431967885,"Thriller"
"1072",1932,3.31023102310231,3.40654205607477,"Thriller"
"1073",1933,3.33917910447761,3.44199444156579,"Thriller"
"1074",1934,3.324431256182,3.43078001461233,"Thriller"
"1075",1935,3.32714014543355,3.39748101500278,"Thriller"
"1076",1936,3.32419786096257,3.44267515923567,"Thriller"
"1077",1937,3.31026001405481,3.43538619744059,"Thriller"
"1078",1938,3.35106382978723,3.44331395348837,"Thriller"
"1079",1939,3.3279221924945,3.42857142857143,"Thriller"
"1080",1940,3.38247896141215,3.40742624618515,"Thriller"
"1081",1941,3.32350432982017,3.42245479806264,"Thriller"
"1082",1942,3.36325724319579,3.44315632011967,"Thriller"
"1083",1943,3.35714285714286,3.4765339273532,"Thriller"
"1084",1944,3.33403361344538,3.42514134296901,"Thriller"
"1085",1945,3.31165540540541,3.42386511599334,"Thriller"
"1086",1946,3.32159624413146,3.44854581899323,"Thriller"
"1087",1947,3.33945833835964,3.38491338582677,"Thriller"
"1088",1948,3.32845058710042,3.41314176949647,"Thriller"
"1089",1949,3.36155308482524,3.43152032520325,"Thriller"
"1090",1950,3.328173374613,3.39219255020399,"Thriller"
"1091",1951,3.33353236070627,3.45350502588704,"Thriller"
"1092",1953,3.34185606060606,3.46604467416549,"Thriller"
"1093",1954,3.31683708512116,3.45425556428347,"Thriller"
"1094",1955,3.33301886792453,3.45145631067961,"Thriller"
"1095",1956,3.32420542400937,3.42219590754074,"Thriller"
"1096",1957,3.33484933177499,3.42495680853903,"Thriller"
"1097",1958,3.31350523359714,3.42326576434017,"Thriller"
"1098",1959,3.29824456009663,3.47628711307644,"Thriller"
"1099",1960,3.36043034391487,3.42241379310345,"Thriller"
"1100",1961,3.32521087160262,3.39911684782609,"Thriller"
"1101",1962,3.31067961165049,3.42278148742998,"Thriller"
"1102",1963,3.32527808941707,3.42197802197802,"Thriller"
"1103",1964,3.34173574691254,3.42184322033899,"Thriller"
"1104",1965,3.34306046940783,3.42467748397435,"Thriller"
"1105",1966,3.32442119405182,3.4326477510301,"Thriller"
"1106",1967,3.31345545977011,3.44346398980242,"Thriller"
"1107",1968,3.34185606060606,3.40478634105394,"Thriller"
"1108",1969,3.3276404494382,3.42149160874484,"Thriller"
"1109",1970,3.31368225686711,3.40464114581608,"Thriller"
"1110",1971,3.31333885412833,3.38486842105263,"Thriller"
"1111",1972,3.34867325027137,3.41477272727273,"Thriller"
"1112",1973,3.33084269131285,3.44269102990033,"Thriller"
"1113",1974,3.35045204268914,3.40906761491691,"Thriller"
"1114",1975,3.35856606148566,3.4012689150893,"Thriller"
"1115",1976,3.34881957381351,3.36683372448446,"Thriller"
"1116",1977,3.37404855798917,3.41244737143758,"Thriller"
"1117",1978,3.3507840333947,3.46522234891676,"Thriller"
"1118",1979,3.35383064516129,3.42691460901066,"Thriller"
"1119",1980,3.33205268935236,3.41457712823601,"Thriller"
"1120",1981,3.33810945273632,3.44172458037343,"Thriller"
"1121",1982,3.34055109720807,3.41757105551708,"Thriller"
"1122",1983,3.34352061337356,3.37869681618411,"Thriller"
"1123",1984,3.36421025508889,3.42332326483817,"Thriller"
"1124",1985,3.31727586807571,3.40933156849768,"Thriller"
"1125",1986,3.32776748141485,3.41659713419233,"Thriller"
"1126",1987,3.34537222245173,3.4371982413098,"Thriller"
"1127",1988,3.3218720449908,3.41490185241189,"Thriller"
"1128",1989,3.31988738289814,3.41745951505602,"Thriller"
"1129",1990,3.32201550738896,3.40842580173149,"Thriller"
"1130",1991,3.33411654135338,3.46411629167796,"Thriller"
"1131",1992,3.3742077518435,3.42516252955082,"Thriller"
"1132",1993,3.32858193586349,3.39316239316239,"Thriller"
"1133",1994,3.36105673926556,3.45426861449472,"Thriller"
"1134",1995,3.39486449889672,3.41479377104377,"Thriller"
"1135",1996,3.33795163411388,3.41553548622514,"Thriller"
"1136",1997,3.31795269822444,3.4186320754717,"Thriller"
"1137",1998,3.32748357963875,3.43816489361702,"Thriller"
"1138",1999,3.3398021179326,3.41128230247435,"Thriller"
"1139",2000,3.3393644379133,3.39644465513155,"Thriller"
"1140",2001,3.31481989159902,3.41323804677504,"Thriller"
"1141",2002,3.34088284357757,3.41810618520734,"Thriller"
"1142",2003,3.3411081645773,3.42241851365013,"Thriller"
"1143",2004,3.31764797646639,3.4155569656607,"Thriller"
"1144",2005,3.35420140410837,3.42948717948718,"Thriller"
"1145",2006,3.32764884041702,3.37333333333333,"Thriller"
"1146",2007,3.34615384615385,3.45093264133786,"Thriller"
"1147",2008,3.34195837275307,3.37749765551536,"Thriller"
"1148",2009,3.33333333333333,3.43775083113684,"Thriller"
"1149",2010,3.30866587875417,3.46733108372129,"Thriller"
"1150",2011,3.33403361344538,3.43660552021808,"Thriller"
"1151",2012,3.36310850439883,3.40547445255474,"Thriller"
"1152",2013,3.34046692607004,3.42917967874979,"Thriller"
"1153",2014,3.33733395478909,3.42089357080225,"Thriller"
"1154",2015,3.32128644949731,3.44314066761121,"Thriller"
"1155",1915,3.32146816598036,3.41277200029571,"War"
"1156",1925,3.3482905982906,3.42920578533367,"War"
"1157",1926,3.33052383166198,3.40099627814089,"War"
"1158",1927,3.35409291191063,3.41085336418831,"War"
"1159",1930,3.31975074128985,3.38474138067352,"War"
"1160",1932,3.33663366336634,3.45426897875438,"War"
"1161",1933,3.32916338806621,3.35125600565812,"War"
"1162",1937,3.32464473450891,3.45866816832965,"War"
"1163",1938,3.36041083099907,3.41015252621544,"War"
"1164",1939,3.29862577615398,3.41533370969765,"War"
"1165",1940,3.35113424402364,3.44784345682348,"War"
"1166",1941,3.32906231799651,3.40898273093571,"War"
"1167",1942,3.32080924855491,3.41334374612209,"War"
"1168",1943,3.34076326435952,3.37653190590224,"War"
"1169",1944,3.34384739282391,3.44235200283588,"War"
"1170",1945,3.35029834273199,3.41916342262855,"War"
"1171",1946,3.33030303030303,3.44736842105263,"War"
"1172",1949,3.3185595567867,3.42991938438989,"War"
"1173",1951,3.33052383166198,3.40399693088485,"War"
"1174",1952,3.30569886554465,3.43992911899857,"War"
"1175",1953,3.32115850454353,3.44362745098039,"War"
"1176",1954,3.32150776053215,3.38328573629434,"War"
"1177",1955,3.33833710946088,3.43625,"War"
"1178",1956,3.31245861222835,3.42885532591415,"War"
"1179",1957,3.33057851239669,3.4299224768419,"War"
"1180",1958,3.34772406842976,3.40855488850772,"War"
"1181",1959,3.34026845637584,3.43564091953214,"War"
"1182",1960,3.32365057330352,3.40199436705488,"War"
"1183",1961,3.34429106372176,3.41554566123532,"War"
"1184",1962,3.30456637637815,3.45400946514025,"War"
"1185",1963,3.32025375939849,3.44340555484307,"War"
"1186",1964,3.37281795511222,3.42086956521739,"War"
"1187",1965,3.36404945763018,3.42197802197802,"War"
"1188",1966,3.35609256242565,3.41760178803999,"War"
"1189",1967,3.31554931554932,3.44404225456157,"War"
"1190",1968,3.30781631331182,3.3755077494972,"War"
"1191",1969,3.35611308743681,3.44820839209856,"War"
"1192",1970,3.3344327176781,3.45666131621188,"War"
"1193",1971,3.32800641413123,3.42354104601565,"War"
"1194",1972,3.34916114846401,3.4375,"War"
"1195",1975,3.35420358842286,3.42168674698795,"War"
"1196",1976,3.36527886881383,3.42647273471288,"War"
"1197",1977,3.31853087760371,3.40609407547353,"War"
"1198",1978,3.3406862745098,3.37984488872972,"War"
"1199",1979,3.35561660429333,3.43444855279898,"War"
"1200",1980,3.30854804996681,3.43638470846779,"War"
"1201",1981,3.28957239309827,3.42715529714197,"War"
"1202",1982,3.40380806118327,3.40667161777448,"War"
"1203",1983,3.33910826214349,3.41288149147474,"War"
"1204",1984,3.35603357728274,3.40390177590097,"War"
"1205",1985,3.32133159214809,3.4448275862069,"War"
"1206",1986,3.32229681509595,3.42361111111111,"War"
"1207",1987,3.32194398981633,3.42626262626263,"War"
"1208",1988,3.33803501945525,3.39719903895055,"War"
"1209",1989,3.34391890007807,3.42361111111111,"War"
"1210",1990,3.36616381816068,3.41863297986637,"War"
"1211",1991,3.34596462983071,3.4081156716418,"War"
"1212",1992,3.34270833333334,3.44642857142857,"War"
"1213",1993,3.34285714285714,3.44114714908379,"War"
"1214",1994,3.31598560502213,3.4204066709057,"War"
"1215",1995,3.335322223681,3.45181612573217,"War"
"1216",1996,3.35727025874291,3.43408806380826,"War"
"1217",1997,3.33272905387544,3.41527722837553,"War"
"1218",1998,3.33043166220927,3.40132033907061,"War"
"1219",1999,3.33411654135338,3.42449841605069,"War"
"1220",2000,3.3491773308958,3.44075247323485,"War"
"1221",2001,3.33611111111111,3.4046431046431,"War"
"1222",2002,3.30573663624511,3.45198818967982,"War"
"1223",2003,3.35569728014486,3.4405500085443,"War"
"1224",2004,3.30456435129049,3.38321680267356,"War"
"1225",2005,3.34354905458934,3.37224283652855,"War"
"1226",2006,3.34920634920635,3.38370984455958,"War"
"1227",2007,3.32316309397959,3.41522988505747,"War"
"1228",2008,3.31907894736842,3.39605063386107,"War"
"1229",2009,3.31951457962814,3.42370199515627,"War"
"1230",2010,3.34055469462887,3.4212455934195,"War"
"1231",2011,3.33390662172878,3.42905347886069,"War"
"1232",2012,3.30564275555864,3.4131256442561,"War"
"1233",2013,3.32401311465065,3.38911704312115,"War"
"1234",2014,3.35297166060881,3.45256998942506,"War"
"1235",1939,3.34383437040127,3.38049250396658,"Western"
"1236",1940,3.32297551789077,3.41617455041843,"Western"
"1237",1943,3.37003058103976,3.42144452449568,"Western"
"1238",1946,3.37438293370945,3.39994896033017,"Western"
"1239",1947,3.36229314420804,3.45811242960787,"Western"
"1240",1948,3.38928571428571,3.41536458333333,"Western"
"1241",1949,3.34018264840183,3.42079933747186,"Western"
"1242",1950,3.34191829484902,3.4119280453351,"Western"
"1243",1952,3.34200732282498,3.44852440380735,"Western"
"1244",1953,3.31026001405481,3.4049987055185,"Western"
"1245",1954,3.33732499429803,3.42038904899135,"Western"
"1246",1955,3.32521087160262,3.46239476145931,"Western"
"1247",1956,3.32215036378335,3.39593160346104,"Western"
"1248",1957,3.34689031285337,3.40028235772165,"Western"
"1249",1958,3.31333333333333,3.42971887550201,"Western"
"1250",1959,3.30976362771706,3.41098370587836,"Western"
"1251",1960,3.34057971014493,3.38126564157962,"Western"
"1252",1961,3.32625462820477,3.40601503759398,"Western"
"1253",1962,3.36278477674773,3.42100533530648,"Western"
"1254",1963,3.31843575418994,3.42586750788644,"Western"
"1255",1964,3.31516768292683,3.41040843214756,"Western"
"1256",1965,3.3211940849132,3.43128803245436,"Western"
"1257",1966,3.35141622039702,3.41659983961507,"Western"
"1258",1967,3.31143740340031,3.46017699115044,"Western"
"1259",1968,3.34056866383882,3.4354027853313,"Western"
"1260",1969,3.35759351059035,3.39901410042938,"Western"
"1261",1970,3.30969081783822,3.37373598247398,"Western"
"1262",1971,3.35556237427607,3.42960822219185,"Western"
"1263",1972,3.37481497145274,3.39163822525597,"Western"
"1264",1973,3.33131067961165,3.4114911989826,"Western"
"1265",1974,3.30684326710817,3.42540333441069,"Western"
"1266",1975,3.35505287631344,3.40010546350723,"Western"
"1267",1976,3.36256942317717,3.42971887550201,"Western"
"1268",1978,3.34297520661157,3.43426974180792,"Western"
"1269",1979,3.33472222222222,3.46522234891676,"Western"
"1270",1980,3.3908659685144,3.40757749712974,"Western"
"1271",1982,3.37161356999828,3.45073746312684,"Western"
"1272",1983,3.34974032402863,3.42429544560299,"Western"
"1273",1985,3.33294117647059,3.42647058823529,"Western"
"1274",1986,3.37605737039102,3.38487392069516,"Western"
"1275",1987,3.35926449787836,3.41689660570836,"Western"
"1276",1988,3.37196667873959,3.43377385496183,"Western"
"1277",1989,3.3640727124183,3.4501556633816,"Western"
"1278",1990,3.3355837682567,3.42586750788644,"Western"
"1279",1991,3.36139692747068,3.43963035622792,"Western"
"1280",1992,3.32146816598036,3.4269821976274,"Western"
"1281",1993,3.31046981285265,3.42690017886316,"Western"
"1282",1994,3.3251248908641,3.41516610315947,"Western"
"1283",1995,3.3105362540669,3.40542129665008,"Western"
"1284",1996,3.32025375939849,3.42748427669413,"Western"
"1285",1998,3.34025263951735,3.44040762463494,"Western"
"1286",1999,3.31949553336837,3.42512762045625,"Western"
"1287",2000,3.33476658476658,3.39891135303266,"Western"
"1288",2001,3.35415797874635,3.42873586052164,"Western"
"1289",2003,3.32407770800627,3.40697984568745,"Western"
"1290",2004,3.37822014051522,3.43128803245436,"Western"
"1291",2005,3.33144936016811,3.41757105551708,"Western"
"1292",2006,3.32009752088662,3.42656670748311,"Western"
"1293",2007,3.30622595313047,3.42333101996867,"Western"
"1294",2008,3.3735897088878,3.42936670700518,"Western"
"1295",2010,3.31727021886886,3.40818144888443,"Western"
"1296",2011,3.3354385148159,3.40186074429772,"Western"
"1297",2012,3.34115772852874,3.40797903726089,"Western"
"1298",2013,3.36047107744012,3.43391685332676,"Western"
"1299",2014,3.34785459996253,3.40878874856487,"Western"
"1300",2015,3.34063526834611,3.43273549667411,"Western"
